{"is_source_file": true, "format": "Python", "description": "A FastAPI application setup file that initializes the API and configures CORS middleware, providing a health check endpoint at the root URL.", "external_files": ["fastapi", "fastapi.middleware.cors.CORSMiddleware"], "external_methods": ["FastAPI", "CORSMiddleware"], "published": ["app"], "classes": [], "methods": [{"name": "health_check()", "description": "A simple endpoint that returns a message indicating the service is healthy.", "scope": "", "scopeKind": ""}], "calls": ["FastAPI()", "app.add_middleware", "CORSMiddleware", "app.get"], "search-terms": ["FastAPI", "CORSMiddleware", "health check endpoint", "CORS configuration", "/"], "state": 2, "file_id": 1, "knowledge_revision": 9, "git_revision": "f066c97a13541f96176c91d5ae8b4933b71a7106", "ctags": [{"_type": "tag", "name": "app", "path": "/home/kavia/workspace/code-generation/simple-todo-application-210278-210294/todo_backend/src/api/main.py", "pattern": "/^app = FastAPI()$/", "language": "Python", "kind": "variable"}, {"_type": "tag", "name": "health_check", "path": "/home/kavia/workspace/code-generation/simple-todo-application-210278-210294/todo_backend/src/api/main.py", "pattern": "/^def health_check():$/", "language": "Python", "kind": "function", "signature": "()"}], "hash": "58352bf5f133908bab16643199aa483d", "format-version": 4, "code-base-name": "todo_backend", "filename": "todo_backend/src/api/main.py", "fields": [{"name": "app = FastAPI()", "scope": "", "scopeKind": "", "description": "unavailable"}], "revision_history": [{"9": "f066c97a13541f96176c91d5ae8b4933b71a7106"}]}